url_path,views_total,views_unique
/nf-neuro/modules,23,13
/nf-neuro/modules/issues/376,20,6
/nf-neuro/modules/pull/373,9,2
/nf-neuro/modules/tree/main/modules,7,3
/nf-neuro/modules/blob/f69dff7a85e5dd99cdc820c5efd66e0403e48fd0/modules/nf-neuro/preproc/topup/main.nf,6,3
/nf-neuro/modules/pulls,5,3
/nf-neuro/modules/tree/main/modules/nf-neuro,4,2
/nf-neuro/modules/blob/main/modules/nf-neuro/preproc/topup/main.nf,4,1
/nf-neuro/modules/issues/new,4,1
/nf-neuro/modules/tree/main/modules/nf-neuro/preproc,4,1
